OMP_ENABLED,N_THREADS,N_JOBS,SUCCESS,FAIL,TIME_SEC,THROUGHPUT_JS
0,1,100000,100000,0,31.051152,3220.492422
1,2,100000,100000,0,28.365216,3525.444681
1,4,100000,100000,0,31.402182,3184.492119
